ProductID,ProductName,TotalQuantity,TotalRevenue,OrderCount,AverageOrderValue,AveragePrice,AverageDiscount,ReturnRate,CancellationRate,UniqueCustomers,UniqueCategories,UniqueBrands,RecentDemand,HistoricalAverageDemand,DemandVolatility,DemandGrowth,repeat_customers,repeat_customer_ratio,avg_customer_frequency_for_product,Category,Brand,DemandOpportunityScore,DemandVolatilityIndex,RealizedUnitPrice,DiscountDepth,StockoutRiskLevel,RecommendedAction
P00001,Wireless Earbuds,6008,1834207.58,2008,913.4499900398408,300.8321364541833,0.0775647410358565,0.0323705179282868,0.0283864541832669,1982,6,10,278,3.292054794520548,3.515421444946879,-0.061714010948365,25,0.0126135216952573,1.0131180625630676,Clothing,Apex,41.0,1.0678,277.5,0.0776,Moderate Volatility Risk,Implement weekly dynamic replenishment rebalancing
P00002,Bluetooth Speaker,5782,1803356.76,1913,942.6851855723994,310.94086774699423,0.074803972817564,0.021955044432828,0.0282279142707788,1880,6,10,338,3.168219178082192,3.421051693379789,0.1853837580229831,32,0.0170212765957446,1.0175531914893616,Electronics,KiddoFun,65.0,1.0798,287.68,0.0748,High Stockout Risk,Increase safety stock buffer & prioritize supplier SLA
P00003,Smartphone Case,6060,1875421.41,1989,942.896636500754,307.1540774258421,0.0730266465560583,0.0296631473102061,0.028657616892911,1955,6,10,289,3.32054794520548,3.481583711213609,-0.0329574624129079,34,0.017391304347826,1.017391304347826,Toys & Games,Apex,62.0,1.0485,284.72,0.073,Stable Replenishment,Maintain automated baseline replenishment cadence
P00004,USB-C Charger,5811,1763075.26,1958,900.4470173646578,303.00051072522984,0.0806435137895812,0.0316649642492339,0.0337078651685393,1930,6,10,282,3.184109589041096,3.348714991343217,-0.0159467676246199,28,0.0145077720207253,1.0145077720207254,Toys & Games,HomeEase,31.0,1.0517,278.57,0.0806,Stable Replenishment,Maintain automated baseline replenishment cadence
P00005,Laptop Sleeve,5992,1848297.8,1996,926.0009018036072,304.3441633266533,0.0709168336673346,0.0295591182364729,0.0230460921843687,1953,6,10,258,3.283287671232877,3.516918716073405,-0.1268914107699155,43,0.0220174091141833,1.0220174091141834,Clothing,UrbanStyle,37.0,1.0712,282.76,0.0709,Moderate Volatility Risk,Implement weekly dynamic replenishment rebalancing
P00006,Gaming Mouse,6170,1895103.98,2010,942.8378009950248,303.37016915422885,0.0733333333333333,0.0333333333333333,0.0378109452736318,1975,6,10,254,3.3808219178082197,3.4187249443518186,-0.1652260039618224,35,0.0177215189873417,1.017721518987342,Sports & Outdoors,FitLife,45.0,1.0112,281.12,0.0733,Overstock Risk,Deploy targeted promotional markdown to stimulate velocity
P00007,Mechanical Keyboard,6161,1906963.54,2034,937.5435299901671,306.5984611602753,0.0749754178957718,0.0309734513274336,0.0324483775811209,1991,6,10,328,3.3758904109589043,3.611031706864903,0.0795505780086205,43,0.0215971873430436,1.0215971873430436,Electronics,CoreTech,90.0,1.0696,283.61,0.075,High Stockout Risk,Increase safety stock buffer & prioritize supplier SLA
P00008,4K Monitor,6111,1866774.35,2006,930.5953888334996,298.1829461615155,0.0747756729810568,0.0284147557328015,0.0388833499501495,1976,6,10,354,3.348493150684932,3.57411797150191,0.1746577210494735,30,0.0151821862348178,1.0151821862348178,Toys & Games,KiddoFun,82.0,1.0674,275.89,0.0748,Moderate Volatility Risk,Implement weekly dynamic replenishment rebalancing
P00009,Portable SSD 1TB,5996,1819377.38,2030,896.2450147783251,300.1725615763547,0.075,0.0300492610837438,0.025615763546798,1986,6,10,275,3.2854794520547945,3.431205577276071,-0.0699818397450152,44,0.0221550855991943,1.0221550855991943,Toys & Games,HomeEase,35.0,1.0444,277.66,0.075,Stable Replenishment,Maintain automated baseline replenishment cadence
P00010,Smartwatch,5983,1901275.59,1989,955.8952187028658,312.7875263951735,0.072146807440925,0.0341880341880341,0.0266465560583207,1946,6,10,247,3.278356164383561,3.395252350620378,-0.1628595836351142,41,0.0210688591983556,1.0220966084275436,Books,ReadMore,49.0,1.0357,290.22,0.0721,Overstock Risk,Deploy targeted promotional markdown to stimulate velocity
P00011,Fitness Band,5724,1784149.5,1943,918.2447246525992,306.20210499227994,0.0708955223880597,0.0293360782295419,0.026762738033968,1908,6,10,320,3.1364383561643834,3.4323846987217568,0.1336283872971504,33,0.0172955974842767,1.0183438155136268,Home & Kitchen,Zenith,50.0,1.0944,284.49,0.0709,High Stockout Risk,Increase safety stock buffer & prioritize supplier SLA
P00012,Noise Cancelling Headphones,6091,1881108.57,2031,926.198212703102,304.27543574593795,0.0774741506646971,0.0379123584441162,0.0285573609059576,1997,6,10,297,3.3375342465753426,3.458088574945028,-0.0112461008044656,34,0.0170255383074611,1.0170255383074611,Books,KiddoFun,68.0,1.0361,280.7,0.0775,Stable Replenishment,Maintain automated baseline replenishment cadence
P00013,Action Camera,6104,1829029.24,2024,903.6705731225296,295.1035128458498,0.0737154150197628,0.0296442687747035,0.0276679841897233,1976,6,10,298,3.344657534246575,3.4191965182729085,-0.0100298529197612,48,0.0242914979757085,1.0242914979757085,Toys & Games,ReadMore,53.0,1.0223,273.35,0.0737,Stable Replenishment,Maintain automated baseline replenishment cadence
P00014,Drone Mini,5975,1816203.39,2026,896.4478726554787,302.5145755182626,0.0743583415597236,0.0301085883514313,0.0236920039486673,1988,6,10,260,3.2739726027397262,3.483593572287179,-0.1176197117619712,38,0.0191146881287726,1.0191146881287727,Books,BrightLux,29.0,1.064,280.02,0.0744,Moderate Volatility Risk,Implement weekly dynamic replenishment rebalancing
P00015,Instant Pot,6016,1838639.12,2016,912.0233730158732,303.74130456349206,0.0723462301587301,0.0307539682539682,0.0243055555555555,1975,6,10,257,3.2964383561643835,3.4412859414099204,-0.1337451979905437,40,0.020253164556962,1.020759493670886,Electronics,ReadMore,32.0,1.0439,281.77,0.0723,Overstock Risk,Deploy targeted promotional markdown to stimulate velocity
P00016,Air Fryer,5956,1789927.34,2007,891.8422222222223,300.67906826108623,0.0766567015445939,0.0288988540109616,0.0318883906327852,1959,6,10,283,3.2635616438356165,3.4857343082036043,-0.0364991418550855,48,0.0245022970903522,1.024502297090352,Toys & Games,Apex,34.0,1.0681,277.63,0.0767,Moderate Volatility Risk,Implement weekly dynamic replenishment rebalancing
P00017,Electric Kettle,6165,1905751.79,2054,927.8246299902628,304.3522005842259,0.0721518987341772,0.0262901655306718,0.0340798442064264,2020,6,10,290,3.378082191780822,3.574636781302518,-0.0461385960169414,34,0.0168316831683168,1.0168316831683168,Sports & Outdoors,KiddoFun,67.0,1.0582,282.39,0.0722,Moderate Volatility Risk,Implement weekly dynamic replenishment rebalancing
P00018,Vacuum Cleaner,6139,1855117.83,2017,919.7411155180962,299.0538820029747,0.0733267228557263,0.0267724343083787,0.0337134357957362,1973,6,10,316,3.3638356164383563,3.5281149257221744,0.0437820129952397,44,0.0223010643689812,1.0223010643689812,Home & Kitchen,Zenith,70.0,1.0488,277.13,0.0733,Stable Replenishment,Maintain automated baseline replenishment cadence
P00019,LED Desk Lamp,6344,1921948.41,2098,916.0859914204004,298.77226406101045,0.0762154432793136,0.0338417540514775,0.0276453765490943,2059,6,10,314,3.476164383561644,3.583987074496252,0.0036605016113211,39,0.0189412336085478,1.018941233608548,Books,HomeEase,80.0,1.031,276.0,0.0762,Stable Replenishment,Maintain automated baseline replenishment cadence
P00020,Office Chair,5998,1827426.35,2018,905.56310703667,299.8111645193261,0.0745044598612487,0.0257680872150644,0.0232903865213082,1978,6,10,311,3.2865753424657536,3.462607359147748,0.0514152865770072,40,0.0202224469160768,1.0202224469160768,Electronics,FitLife,61.0,1.0536,277.47,0.0745,Moderate Volatility Risk,Implement weekly dynamic replenishment rebalancing
P00021,Backpack,5848,1749971.14,1910,916.2152565445026,296.67631937172774,0.0732198952879581,0.0324607329842931,0.0371727748691099,1880,6,10,276,3.2043835616438354,3.4711186935019605,-0.0429776561787504,30,0.0159574468085106,1.0159574468085106,Electronics,ReadMore,23.0,1.0832,274.95,0.0732,Moderate Volatility Risk,Implement weekly dynamic replenishment rebalancing
P00022,Water Bottle,6275,1895467.95,2088,907.7911637931036,300.156882183908,0.0725335249042145,0.0320881226053639,0.0330459770114942,2048,6,10,297,3.4383561643835616,3.5658986611000736,-0.0402390438247012,40,0.01953125,1.01953125,Books,HomeEase,66.0,1.0371,278.39,0.0725,Stable Replenishment,Maintain automated baseline replenishment cadence
P00023,Cookware Set,6130,1877038.73,2058,912.0693537414966,303.3864285714285,0.0728862973760933,0.0354713313896987,0.0306122448979591,2023,6,10,337,3.3589041095890413,3.4820905988668103,0.1147815841943085,35,0.0173010380622837,1.0173010380622838,Books,ReadMore,82.0,1.0367,281.27,0.0729,Stable Replenishment,Maintain automated baseline replenishment cadence
P00024,Yoga Mat,6077,1847898.09,2041,905.3885791278784,300.54951004409605,0.0733708966193042,0.03968642822146,0.0323370896619304,1999,6,10,278,3.3298630136986302,3.5853795513553512,-0.0723675790320516,39,0.0195097548774387,1.0210105052526264,Sports & Outdoors,UrbanStyle,41.0,1.0767,278.5,0.0734,Moderate Volatility Risk,Implement weekly dynamic replenishment rebalancing
P00025,Running Shoes,5948,1828658.19,2002,913.4156793206791,302.4734265734266,0.0745504495504495,0.0319680319680319,0.0324675324675324,1962,6,10,285,3.259178082191781,3.3547891244748604,-0.0283848912799821,40,0.0203873598369011,1.020387359836901,Home & Kitchen,Zenith,48.0,1.0293,279.92,0.0746,Stable Replenishment,Maintain automated baseline replenishment cadence
P00026,Sunglasses,5842,1788111.81,1952,916.0408862704918,304.47684938524594,0.0742571721311475,0.03125,0.0353483606557377,1917,6,10,361,3.2010958904109588,3.469257040405174,0.2530430978736353,33,0.0172143974960876,1.0182576943140322,Toys & Games,NexPro,60.0,1.0838,281.87,0.0743,High Stockout Risk,Increase safety stock buffer & prioritize supplier SLA
P00027,Winter Jacket,5917,1806053.51,1954,924.2853172978506,300.5997543500512,0.0740532241555783,0.0307062436028659,0.0281473899692937,1917,6,10,266,3.242191780821918,3.388007037284778,-0.0884081647982273,36,0.0187793427230046,1.019300991131977,Electronics,NexPro,28.0,1.045,278.34,0.0741,Stable Replenishment,Maintain automated baseline replenishment cadence
P00028,Jeans,6037,1882591.82,1969,956.1157034027424,304.9883240223464,0.0704164550533265,0.0304723209751142,0.0299644489588623,1934,6,10,339,3.3079452054794523,3.4840594701773906,0.1386726298934348,35,0.0180972078593588,1.0180972078593589,Toys & Games,KiddoFun,86.0,1.0532,283.51,0.0704,Stable Replenishment,Maintain automated baseline replenishment cadence
P00029,T-Shirt,5882,1787855.05,1978,903.8700960566229,302.0205106167846,0.0742669362992922,0.0283114256825075,0.0288169868554095,1951,6,10,247,3.223013698630137,3.388757973893043,-0.1484850202123239,27,0.0138390568939005,1.0138390568939006,Clothing,KiddoFun,13.0,1.0514,279.59,0.0743,Overstock Risk,Deploy targeted promotional markdown to stimulate velocity
P00030,Dress Shirt,5960,1896765.36,2007,945.074917787743,312.3089187842551,0.0722969606377678,0.0358744394618834,0.0373692077727952,1967,6,10,297,3.265753424657534,3.482578004208278,0.0104865771812079,39,0.0198271479410269,1.0203355363497713,Clothing,UrbanStyle,78.0,1.0664,289.73,0.0723,Moderate Volatility Risk,Implement weekly dynamic replenishment rebalancing
P00031,Kids Toy Car,6131,1891082.43,2004,943.6539071856288,305.9766866267465,0.0733033932135728,0.028443113772455,0.029441117764471,1963,6,10,285,3.3594520547945206,3.582991577852209,-0.0573859620507802,41,0.020886398369842,1.0208863983698422,Sports & Outdoors,Apex,59.0,1.0665,283.55,0.0733,Moderate Volatility Risk,Implement weekly dynamic replenishment rebalancing
P00032,Board Game,6200,1863310.96,2039,913.8356841589014,297.8025649828347,0.0753555664541442,0.0318783717508582,0.0299166257969592,2000,6,10,284,3.3972602739726026,3.583510779574962,-0.0711469534050178,39,0.0195,1.0195,Electronics,CoreTech,46.0,1.0548,275.36,0.0754,Moderate Volatility Risk,Implement weekly dynamic replenishment rebalancing
P00033,Puzzle 1000pc,5884,1797812.49,1965,914.9172977099236,305.1610687022901,0.0753435114503816,0.0295165394402035,0.0310432569974554,1926,6,10,268,3.224109589041096,3.477948955253955,-0.0764030515899991,39,0.0202492211838006,1.0202492211838006,Electronics,ReadMore,24.0,1.0787,282.17,0.0753,Moderate Volatility Risk,Implement weekly dynamic replenishment rebalancing
P00034,Desk Organizer,6079,1843103.26,2026,909.7252023692004,302.43639684106614,0.0772211253701875,0.025172754195459,0.0330700888450148,1980,6,10,342,3.330958904109589,3.4366207664969544,0.1408126336568513,44,0.0222222222222222,1.0232323232323233,Clothing,HomeEase,73.0,1.0317,279.08,0.0772,Stable Replenishment,Maintain automated baseline replenishment cadence
P00035,Desk Plant,5847,1759672.62,1941,906.5804327666152,301.9291550747038,0.074909840288511,0.0324574961360123,0.0278207109737248,1911,6,10,246,3.203835616438356,3.315316425211777,-0.1468559375178153,30,0.0156985871271585,1.0156985871271589,Books,HomeEase,8.0,1.0348,279.31,0.0749,Overstock Risk,Deploy targeted promotional markdown to stimulate velocity
P00036,Smart Light Bulb,6131,1868940.58,2036,917.9472396856582,301.59266699410614,0.0751473477406679,0.0343811394891945,0.0299607072691552,1993,6,10,310,3.3594520547945206,3.474704917110939,0.02529947987459,43,0.0215755143000501,1.0215755143000502,Toys & Games,UrbanStyle,72.0,1.0343,278.93,0.0751,Stable Replenishment,Maintain automated baseline replenishment cadence
P00037,Router,6202,1850756.2,2054,901.0497565725414,295.2886075949367,0.0726630963972736,0.0243427458617332,0.0277507302823758,2010,6,10,269,3.3983561643835616,3.659387341806773,-0.1204898061557203,44,0.0218905472636815,1.0218905472636817,Books,BrightLux,39.0,1.0768,273.83,0.0727,Moderate Volatility Risk,Implement weekly dynamic replenishment rebalancing
P00038,External HDD 2TB,5858,1786108.33,1975,904.358648101266,303.50227341772154,0.0752151898734177,0.0318987341772151,0.0268354430379746,1944,6,10,341,3.20986301369863,3.4110423165319776,0.1803895906832062,31,0.0159465020576131,1.0159465020576133,Home & Kitchen,UrbanStyle,55.0,1.0627,280.67,0.0752,Moderate Volatility Risk,Implement weekly dynamic replenishment rebalancing
P00039,Graphic Tablet,5789,1786772.26,1981,901.9546996466432,305.72599192327107,0.0747854618879353,0.0287733467945482,0.0323069156991418,1948,6,10,293,3.172054794520548,3.335742670480232,0.0263238709429762,33,0.0169404517453798,1.01694045174538,Toys & Games,KiddoFun,45.0,1.0516,282.86,0.0748,Stable Replenishment,Maintain automated baseline replenishment cadence
P00040,Microphone,6196,1871740.68,2034,920.2264896755162,301.6710078662733,0.0721976401179941,0.0245821042281219,0.0334316617502458,1996,6,10,308,3.395068493150685,3.494054757636626,0.0079979915357577,38,0.0190380761523046,1.0190380761523046,Home & Kitchen,UrbanStyle,69.0,1.0292,279.89,0.0722,Stable Replenishment,Maintain automated baseline replenishment cadence
P00041,Webcam Full HD,6002,1799332.82,2013,893.8563437655241,299.1981917536016,0.0737456532538499,0.0352707401887729,0.0233482364629905,1974,6,10,302,3.288767123287671,3.5191222401365607,0.020308045466326,39,0.019756838905775,1.0197568389057752,Home & Kitchen,Zenith,48.0,1.07,277.13,0.0737,High Stockout Risk,Increase safety stock buffer & prioritize supplier SLA
P00042,Projector Mini,5873,1805867.58,1976,913.900597165992,304.01404352226723,0.0709261133603239,0.0232793522267206,0.0323886639676113,1943,6,10,284,3.2180821917808218,3.5256891891645363,-0.0194297822426546,32,0.0164693772516726,1.0169840452907877,Home & Kitchen,KiddoFun,43.0,1.0956,282.45,0.0709,Moderate Volatility Risk,Implement weekly dynamic replenishment rebalancing
P00043,HDMI Cable 2m,5985,1847856.25,2002,923.00511988012,304.16283716283715,0.0737262737262737,0.0334665334665334,0.0339660339660339,1970,6,10,312,3.2794520547945205,3.4749636698257715,0.0570871623503201,32,0.016243654822335,1.016243654822335,Electronics,NexPro,68.0,1.0596,281.74,0.0737,Moderate Volatility Risk,Implement weekly dynamic replenishment rebalancing
P00044,Power Bank 20000mAh,5931,1794738.58,1966,912.8883926754831,302.11599694811804,0.0785605289928789,0.0325534079348931,0.0269582909460834,1933,6,10,277,3.24986301369863,3.3842111523615563,-0.0529515352479439,32,0.0165545783755819,1.017071908949819,Clothing,UrbanStyle,30.0,1.0413,278.38,0.0786,Stable Replenishment,Maintain automated baseline replenishment cadence
P00045,Phone Tripod,5944,1866256.31,1996,934.9981513026052,309.04788577154306,0.0743486973947895,0.0270541082164328,0.0275551102204408,1952,6,10,293,3.2569863013698632,3.4272253483072554,-0.0004392851802004,43,0.0220286885245901,1.022540983606557,Toys & Games,ReadMore,64.0,1.0523,286.07,0.0743,Stable Replenishment,Maintain automated baseline replenishment cadence
P00046,Car Charger,5754,1779795.27,1917,928.4273708920188,303.16596765779866,0.0727438706311945,0.0292123109024517,0.0297339593114241,1878,6,10,227,3.152876712328767,3.405551082911916,-0.2000251033097748,38,0.020234291799787,1.0207667731629393,Books,HomeEase,6.0,1.0801,281.11,0.0727,Moderate Volatility Risk,Implement weekly dynamic replenishment rebalancing
P00047,Memory Card 128GB,6240,1935138.4,2039,949.0624816086316,307.71205002452183,0.079009318293281,0.032368808239333,0.0333496812162824,2003,6,10,288,3.419178082191781,3.498145558777757,-0.0641025641025641,36,0.0179730404393409,1.017973040439341,Electronics,CoreTech,65.0,1.0231,283.4,0.079,Stable Replenishment,Maintain automated baseline replenishment cadence
P00048,Wireless Charger,6079,1812628.92,2034,891.1646607669616,297.3102064896755,0.0715585054080629,0.0290068829891838,0.0270403146509341,2001,6,10,307,3.330958904109589,3.505329653103777,0.0240628027270566,31,0.0154922538730634,1.0164917541229386,Clothing,HomeEase,54.0,1.0523,276.04,0.0716,Stable Replenishment,Maintain automated baseline replenishment cadence
P00049,Children's Book,5619,1738112.57,1914,908.1047910135842,307.3121786833856,0.0732497387669801,0.0318704284221525,0.0365726227795193,1885,6,10,264,3.078904109589041,3.2902898915286487,-0.0472800616954381,28,0.0148541114058355,1.015384615384615,Sports & Outdoors,FitLife,20.0,1.0687,284.8,0.0732,Moderate Volatility Risk,Implement weekly dynamic replenishment rebalancing
P00050,Novel Bestseller,5894,1803054.57,1962,918.9880581039756,301.9253109072375,0.0765545361875637,0.0285423037716615,0.0316004077471967,1926,6,10,312,3.2295890410958905,3.4315680229846928,0.0734079855219997,36,0.0186915887850467,1.0186915887850467,Electronics,NexPro,56.0,1.0625,278.81,0.0766,Moderate Volatility Risk,Implement weekly dynamic replenishment rebalancing
